tags,pilates,name,location,avg_rating,num_ratings
"['pilates', ' strength training', ' …']",True,BLOK,"Hearn St, London",4.8,(30000+)
"['yoga', ' strength training', ' …']",False,Mission E1,"7-9 Fashion Street, London",4.9,(20000+)
"['strength training', ' pilates', ' …']",True,BLOK,"The Tram Depot, 38-40 Upper Clapton Rd, London",4.8,(30000+)
"['cycling', ' yoga', ' …']",False,3Tribes - Crouch End,"71 Crouch End Hill, London",4.9,(30000+)
"['strength training', ' boxing', ' …']",False,1Rebel,"9 Holles Street, London",4.8,(30000+)
"['pilates', ' strength training', ' …']",True,1Rebel,"45 Phillimore Walk, London",4.8,(30000+)
"['strength training', ' pilates', ' …']",True,Victus Soul,"Mansell St, 90, London",4.9,(30000+)
"['pilates', ' strength training']",True,1Rebel,"34 Porchester Rd, London",4.8,(30000+)
"['pilates', ' strength training']",True,1Rebel,"407 St John Street, London",4.9,(30000+)
"['pilates', ' strength training', ' …']",True,1Rebel,"47-51, St John's High Street, London",4.8,(30000+)
"['pilates', ' barre', ' …']",True,Willow LDN,"135 Northcote Road, London",4.9,(30000+)
"['strength training', ' pilates']",True,Train Yard,"20 Lendal Terrace, London",4.9,(25000+)
"['pilates', ' strength training']",True,1Rebel,"1Rebel Holborn, Unit 4, The Post Building, Museum Street, London",4.9,(30000+)
"['yoga', ' pilates', ' …']",True,Yogahome,"14 Allen Rd, Stoke Newington, London",4.8,(30000+)
"['pilates', ' strength training']",True,1Rebel,"Broadgate Cir, London",4.8,(30000+)
"['yoga', ' pilates', ' …']",True,Yogarise,"133 Rye Ln, London",4.8,(30000+)
['pilates'],True,Pilates Circuit,"63 Wandsworth High Street, London",4.9,(30000+)
"['pilates', ' cycling']",True,1Rebel,"Nova South, 5 Allington Street, London",4.8,(30000+)
"['yoga', ' strength training', ' …']",False,Waking Dreams,"6A-B Ada St, London",4.8,(30000+)
['pilates'],True,Pilates Circuit,"4 Fulham High St, London, London",4.8,(30000+)
"['pilates', ' prenatal', ' …']",True,Avalon Pilates,"Unit 2, 40-48 Bromells Road, London",4.9,(12500+)
"['strength training', ' cycling', ' …']",False,RUMBLE,"Ground Floor, Labyrinth Tower, Dalston Square Dalston, London",4.8,(30000+)
"['pilates', ' strength training', ' …']",True,Training Points Fitness and Therapy,"5-6 Cooper's Yard, London",4.9,(17500+)
"['cycling', ' pilates', ' …']",True,Psycle,"76 Mortimer Street, London",4.8,(30000+)
['pilates'],True,Pilates Circuit,"Barry House 20-22 Worple Road, London",4.9,(7500+)
"['barre', ' pilates']",True,Barrecore,"501A Old York Rd, London",4.9,(30000+)
['pilates'],True,Pilates Circuit,"25 Mossop Street, London",4.9,(30000+)
"['yoga', ' pilates', ' …']",True,Yoga House,"2-3 Winslade Way Catford Shopping Centre, London",4.9,(20000+)
"['yoga', ' pilates', ' …']",True,Basic Space,"5A Priory Grove, London",4.9,(17500+)
"['barre', ' pilates', ' …']",True,Barrecore,"12 Chepstow Rd, London",4.8,(30000+)
"['yoga', ' barre', ' …']",False,Oru Space,"20 – 22 Lordship Ln, London",4.9,(20000+)
"['pilates', ' yoga', ' …']",True,3Tribes - Borough,"Unit 1 Brandon House, 180 Borough High Street, London",4.8,(30000+)
"['yoga', ' pilates']",True,The Hot Spot Yoga,"25 Heathman's Rd, Ground Floor Studio, London",4.8,(25000+)
"['strength training', ' rowing', ' …']",False,Milo and the Bull,"62-64 St John's Hill, Battersea, London",4.9,(30000+)
"['cycling', ' yoga', ' …']",False,Psycle,"17-23 Whitby St, London",4.8,(30000+)
"['yoga', ' pilates', ' …']",True,triyoga,"57 Jamestown Rd, London",4.7,(30000+)
"['pilates', ' strength training', ' …']",True,Tempo 301 | SE17,"Tempo 301, Unit H4.R8 2 Ash Avenue, London",4.9,(30000+)
"['barre', ' pilates', ' …']",True,LIM Studio,"114 Highbury Park, London",4.9,(22500+)
"['yoga', ' strength training', ' …']",False,The Refinery,"14 Collent St, London",4.7,(30000+)
"['barre', ' pilates']",True,Barrecore,"Barrecore Chelsea, London",4.8,(30000+)
"['barre', ' low-impact training', ' …']",False,Paola's BodyBarre,"2 Fulham High Street, Fulham, London",4.8,(30000+)
"['barre', ' pilates']",True,Barrecore,"7 Pond St, London",4.8,(27500+)
"['pilates', ' strength training', ' …']",True,Studio Fix,"Kensington High Street, Studio Fix, London",4.9,(5000+)
"['yoga', ' pilates', ' …']",True,triyoga,"10 Cygnet St, London",4.7,(30000+)
"['yoga', ' pilates', ' …']",True,Samya Studios,"Cobble Lane, London",4.9,(7500+)
"['barre', ' pilates']",True,Barrecore,"50 St Mary Axe, London",4.9,(17500+)
['pilates'],True,Haus Of Pilates LDN,"567 Fulham Road, 2nd Floor, London",4.9,(2500+)
"['barre', ' pilates']",True,Barrecore,"6 Cavendish Square, Lower Ground Floor, London",4.8,(30000+)
"['yoga', ' pilates', ' …']",True,Hwyl Studio,"Unit 114, 183A Anerley Road, London",4.9,(2500+)
"['yoga', ' pilates', ' …']",True,triyoga,"372 King's Rd, London",4.7,(30000+)
"['gym time', ' strength training', ' …']",False,ONE LDN (Imperial Wharf),"The Blvd, London",4.8,(25000+)
['pilates'],True,X2 Pilates,"Unit 7 Stephendale Yard, Fulham, London",4.8,(7500+)
"['pilates', ' running', ' …']",True,STRONG Pilates,"68 Pentonville Road, London",4.9,(7500+)
['pilates'],True,Kore Gallery,"32 Commercial road, London",4.9,(27500+)
"['pilates', ' barre', ' …']",True,FLOW LDN,"11 Tottenham Street, London",4.8,(30000+)
['pilates'],True,Broadway Pilates,"36 Broadway Market, London",4.8,(25000+)
"['swimming', ' gym time', ' …']",False,Fitness First,"179A Tottenham Court Road, London",4.8,(22500+)
"['barre', ' pilates']",True,Barrecore,"90 Upper Street, London",4.8,(25000+)
"['barre', ' pilates', ' …']",True,nue | ground,"32 Abbeville Road, London",4.9,(5000+)
['pilates'],True,Tempo 301 | E1,"Cygnet St, London",4.8,(30000+)
"['yoga', ' prenatal', ' …']",False,Yogarise,"YR Stretz, 248A Streatham High Rd, London",4.8,(15000+)
"['pilates', ' aerial']",True,Mojo,"149a Clapham High street, Clapham Common, London",4.7,(30000+)
"['pilates', ' stretching']",True,Absolute Studios,"19 Heathman's Rd, Unit G, London",4.8,(30000+)
"['pilates', ' barre']",True,Reformer Collective,"98 Balham High Road, London",4.8,(5000+)
"['barre', ' pilates', ' …']",True,Disco Barre Studio,"The Factory Unit 5 21-31 Shacklewell Lane, London",4.9,(17500+)
"['pilates', ' yoga', ' …']",True,Repose,"Repose Space Kensington, 40 Kensington High Street, London",4.9,(12500+)
"['pilates', ' prenatal', ' …']",True,Mind and Motion,"16 Streatham High Road, Streatham, London",4.9,(2500+)
"['yoga', ' pilates', ' …']",True,The Life Centre,"15 Edge St, London",4.7,(30000+)
"['yoga', ' pilates', ' …']",True,Breeze Yoga,"9 Albemarle Road, Beckenham",4.8,(15000+)
"['barre', ' pilates', ' …']",True,EVOKE,"307A Seven Sisters Rd, Unit A Rowan Apartments , London",4.8,(20000+)
"['pilates', ' barre']",True,House Of Balance,"28 High St, Chislehurst",4.9,(2500+)
"['yoga', ' pilates', ' …']",True,triyoga,"Longfield Ave, Unit 30, London",4.8,(20000+)
"['strength training', ' pilates', ' …']",True,Guts & Glory,"20 Lettice Street, London",4.9,(2500+)
"['yoga', ' low-impact training', ' …']",False,Sadhana Yoga & Wellbeing,"91 St John's Hill, London",4.7,(30000+)
['pilates'],True,Reformcore,"90 Upper Street, London",4.8,(5000+)
"['yoga', ' pilates', ' …']",True,REVIVE,"45 Balham High Road, London",4.9,(30000+)
"['yoga', ' pilates']",True,Hot Yoga Brixton,"372 Coldharbour Lane, London",4.8,(15000+)
"['low-impact training', ' strength training', ' …']",False,Sweat by BXR,"Level 25, 22 Bishopsgate, London",4.8,(17500+)
['pilates'],True,Bootcamp Pilates,"4 Red Lion St, Richmond",4.8,(30000+)
"['pilates', ' personal training']",True,Tempo 301 | E8,"Unit 1, Great Eastern Buildings, Reading Lane, London",4.8,(30000+)
['pilates'],True,Core LDN,"341 Upper Richmond Road West, London",4.9,(2500+)
"['barre', ' pilates', ' …']",True,Barrecore,"18 Kensington Church St, London",4.8,(25000+)
"['yoga', ' pilates', ' …']",True,The Space,"Unit 3B, 9 Park Hill Clapham, London",4.9,(2500+)
"['pilates', ' barre', ' …']",True,The Proud Project,"227-229 Chiswick High Road, London",4.9,(10000+)
['pilates'],True,Range Reformer Pilates,"12 Marshgate Lane, Stratford, London",4.8,(2500+)
"['yoga', ' pilates', ' …']",True,50 Hill Rise,"Hill Rise, Richmond",4.9,(2500+)
"['dance', ' barre', ' …']",False,Off The Rails Studio,"Unit 8 8 Grant Road Clapham Junction , London",4.9,(5000+)
"['pilates', ' yoga', ' …']",True,The Loft Pilates Studio,"4 Jaggard Way, London",4.9,(5000+)
"['strength training', ' pilates', ' …']",True,Element Fitness,"1 Estreham road, London",4.9,(12500+)
"['pilates', ' barre', ' …']",True,Form Studios,"77 Lonsdale Rd, A, London",4.8,(30000+)
"['yoga', ' pilates', ' …']",True,Yoga at The ARC,"98b Saint Paul Street, London",4.9,(7500+)
"['yoga', ' pilates', ' …']",True,The Yoga Quarter,"8 Hornsey St, London",4.7,(17500+)
"['strength training', ' yoga', ' …']",False,Strong and Bendy,"The Trowbridge Centre, 1 Trowbride Road, London",4.9,(12500+)
"['pilates', ' prenatal', ' …']",True,Breathe Studio,"Islington House 313-314 Upper Street, Suite 7, London",4.9,(2500+)
['pilates'],True,Reformcore,"1, 3 Arches Ln, Station Circus, Nine Elms, London",4.8,(2500+)
"['yoga', ' barre', ' …']",False,The Yoga Bar,"21 Paradise Rd, London",4.9,(5000+)
"['yoga', ' pilates', ' …']",True,SHIVA SHAKTI STUDIOS,"137 Tottenham Lane, London",4.9,(12500+)
"['yoga', ' pilates']",True,Fold. Yoga,"Fold Yoga London, 97 Green Lanes, London",4.8,(12500+)
"['pilates', ' stretching', ' …']",True,Body Works West,"11 Lambton Pl, London",4.7,(20000+)
"['yoga', ' pilates']",True,Hot Yoga Shoreditch (formerly Yoga Union),"53 East Rd, London",4.8,(2500+)
"['barre', ' pilates']",True,Barrecore,"49 High Street Wimbledon, Lower Ground Floor, London",4.8,(15000+)
"['yoga', ' pilates', ' …']",True,Yoga Rocks,"481 a-b Green Lanes Palmers Green, London",4.9,(2500+)
"['pilates', ' sports recovery', ' …']",True,APPI Clinics,"Hampstead, 2B Heath Hurst Road, London",4.9,(5000+)
"['yoga', ' stretching', ' …']",False,moreyoga,"7 Chivers Passage, Ram Quarter, Wandsworth, London",4.8,(10000+)
"['yoga', ' pilates']",True,Renaissance Yoga and Wellbeing,"Tara Terrace Mantle Rd, London",4.8,(2500+)
"['pilates', ' yoga', ' …']",True,APPI Clinics,"Wimbledon Village, 1 Thornton Road, London",4.9,(2500+)
"['yoga', ' strength training', ' …']",False,Substation Brixton Ltd,"Lyham Road, London",4.8,(7500+)
"['gym time', ' swimming', ' …']",False,Fitness First,"55 Baker St, London",4.8,(15000+)
['pilates'],True,Myoset Classes,"2 Clove Crescent, London",4.9,(2500+)
"['yoga', ' pilates']",True,Phoenix Yoga,"228 Upper Richmond Road,, Putney",4.9,(2500+)
"['yoga', ' pilates', ' …']",True,MoreYoga,"4 Elephant and Castle, New Lion Way, London",4.7,(10000+)
"['pilates', ' yoga', ' …']",True,Goji | Pilates & Yoga Clapham,"Goji Pilates & Yoga Studio - Clapham Old Town, 11 Old Town, London",4.9,(1000+)
"['yoga', ' pilates']",True,MoreYoga,"275 Balham High Road, London",4.7,(10000+)
"['yoga', ' pilates', ' …']",True,Hello Studio,"330 Hornsey Rd Finsbury Park, London",4.9,(2500+)
['pilates'],True,Pi Studios,"Ransomes Dock Business Centre, 35-37 Parkgate Rd, London",4.9,(7500+)
"['dance', ' aerial', ' …']",False,The Body People,"9 Copper Street, London",4.9,(1000+)
"['pilates', ' strength training', ' …']",True,Sopers House LTD,"Sopers Road, Cuffley",4.9,(1000+)
"['yoga', ' pilates']",True,MoreYoga,"Wickford Way, Walthamstow, London",4.7,(7500+)
['pilates'],True,Everybody Reformer,"325 Upper Elmers End Road, Beckenham",4.9,(2500+)
"['yoga', ' pilates', ' …']",True,Yonder Studio,"4 - 6a Hookers Road, London",4.9,(5000+)
"['pilates', ' strength training']",True,Core Kensington,"375 Kensington High St, London",4.7,(17500+)
"['yoga', ' pilates', ' …']",True,Dragonfly Yoga,"22A to 24 Sydenham Road Sydenham, London",4.8,(5000+)
['pilates'],True,Sculpt Studio Fitness Ltd,"54 Hayes Street, Bromley",4.9,(1000+)
"['pilates', ' prenatal']",True,Ten Health & Fitness,"2-4 Exmoor St, London",4.7,(20000+)
['pilates'],True,DropPilates,"DropGym Mill Hill, 54 The Broadway,, London",4.9,(1000+)
"['pilates', ' prenatal', ' …']",True,Ten Health & Fitness,"38 Hatton Garden, Lower Ground Floor, London",4.7,(27500+)
"['dance', ' aerial', ' …']",False,The Factory Fitness & Dance Centre LTD,"407 Hornsey Rd, London",4.8,(5000+)
"['gym time', ' strength training', ' …']",False,Gymbox,"123 Victoria Street, London",4.7,(7500+)
"['gym time', ' strength training', ' …']",False,Gymbox,"12a Leather Ln, London",4.7,(5000+)
"['yoga', ' barre', ' …']",False,Light Centre,"49 Marylebone High St, Marylebone, London",4.8,(7500+)
"['yoga', ' pilates']",True,Hot Yoga Essex,"228B High Rd, Loughton",4.8,(5000+)
"['gym time', ' strength training', ' …']",False,Snap Fitness,"130-138 Newington Butts, London",4.8,(5000+)
"['yoga', ' pilates', ' …']",True,MoreYoga,"Unit B2 13 Atkins Square Dalston Lane, London",4.7,(10000+)
"['yoga', ' pilates', ' …']",True,MoreYoga,"Unit F, Naomi Street, Greenland Place, London",4.8,(5000+)
"['yoga', ' pilates']",True,MoreYoga,"357 Norwood Road, London",4.8,(5000+)
['pilates'],True,Ten Health & Fitness,"6 Duke Street St James's, London",4.6,(25000+)
"['yoga', ' pilates', ' …']",True,MoreYoga,"47 Liberty Bridge Road, London",4.7,(5000+)
"['pilates', ' prenatal']",True,Ten Health & Fitness,"83 Great Titchfield St, London",4.8,(15000+)
"['yoga', ' pilates', ' …']",True,Serenity Space,"205 Merton Rd, London",4.7,(7500+)
"['yoga', ' pilates', ' …']",True,ZenW2 Collective,"Zenw2 Wellness Collective, London",4.9,(2500+)
"['pilates', ' strength training']",True,High Vibe,"6 Melbourne Grove, London",4.8,(2500+)
"['stretching', ' yoga', ' …']",False,MoreYoga,"12 Birkbeck Mews, London",4.8,(10000+)
"['gym time', ' strength training', ' …']",False,Topnotch Gyms,"Dufour's Place, London",4.8,(2500+)
"['yoga', ' pilates', ' …']",True,Kindred Yoga,"Unit D Norfolk house, Brookmill Road, London",4.8,(2500+)
"['pilates', ' stretching', ' …']",True,Absolute Studios,"77A College Road, London",4.9,(1000+)
"['yoga', ' pilates', ' …']",True,MoreYoga,"49 Tower Bridge Rd, London",4.7,(7500+)
"['yoga', ' pilates', ' …']",True,MoreYoga,"199 Haggerston Road, London",4.7,(5000+)
['pilates'],True,Heba Pilates,"228 Upper Richmond Road, London",4.8,(2500+)
"['pilates', ' prenatal']",True,Ten Health & Fitness,"119-121 Middlesex St, London",4.7,(30000+)
"['yoga', ' pilates', ' …']",True,moreyoga,"12 Lambarde Square East Greenwich, London",4.8,(2500+)
"['yoga', ' pilates']",True,MoreYoga,"7 Horselydown Lane, London",4.7,(7500+)
"['gym time', ' strength training', ' …']",False,Fitness First,"279-291 Balham High Road, London",4.6,(7500+)
"['yoga', ' pilates', ' …']",True,Yogarise,"27 Beethoven Street, London",4.7,(1000+)
"['pilates', ' strength training']",True,Trent Park Pilates,"Bramley Rd,Trent Park Equestrian Centre, London",5.0,(1000+)
"['pilates', ' yoga', ' …']",True,YMCA at One KX,"120 Cromer St, London",4.6,(7500+)
"['yoga', ' pilates']",True,MoreYoga,"114 Falcon Road, London",4.7,(5000+)
"['yoga', ' pilates', ' …']",True,MoreYoga,"40 Queen St, London",4.6,(17500+)
"['yoga', ' pilates']",True,Fold Leyton,"691 High Road Leyton, London",4.8,(2500+)
"['yoga', ' pilates', ' …']",True,MoreYoga,"MoreYoga, London",4.7,(5000+)
"['yoga', ' pilates', ' …']",True,Soma Space,"3 Honor Oak Park, London",4.9,(1000+)
"['gym time', ' strength training', ' …']",False,Instagym,"193-201 Stoke Newington High Street, London",4.9,(1000+)
"['yoga', ' pilates']",True,The Good Rooms,"56 Muswell Hill, London",4.8,(2500+)
"['gym time', ' strength training', ' …']",False,Southbank Club,"Southbank Club, 124-130 Wandsworth Rd, London",4.6,(5000+)
"['gym time', ' strength training', ' …']",False,Gymbox,"Unit 15 Dickens Yard, Longfield Ave, London",4.8,(2500+)
"['yoga', ' meditation', ' …']",False,MoreYoga,"21 Essex Road, London",4.6,(7500+)
['pilates'],True,Collective Pilates,"64 Porchester Rd, London",4.7,(30000+)
"['gym time', ' strength training', ' …']",False,Gymbox,"71 Lombard St, London",4.6,(2500+)
"['gym time', ' strength training', ' …']",False,Fitness4Less,"Cambridge Heath Road, London",4.7,(1000+)
"['gym time', ' strength training', ' …']",False,Fitness First,"105-109 Salisbury Road, Kilburn, London",4.7,(2500+)
"['gym time', ' strength training', ' …']",False,Fitness First,"6 Bedford St, Covent Garden, London WC2E 9HD, London",4.7,(5000+)
"['yoga', ' pilates', ' …']",True,hum yoga & meditation,"Unit 7, Block M Lyell Street, London",4.9,(2500+)
"['pilates', ' yoga', ' …']",True,East of Eden,"12-15 Hatherley Mews, London",4.7,(22500+)
['pilates'],True,MAD | Chelsea,"77 King's Road, London",4.9,(20000+)
"['yoga', ' pilates']",True,MoreYoga,"Copperas Street Unit 4, London",4.7,(5000+)
"['pilates', ' yoga']",True,Physico,"51 Beckenham Lane, Bromley",4.9,(500+)
"['gym time', ' strength training', ' …']",False,Fitness First,"Blue Star House, 234-244, Stockwell Road, London",4.6,(5000+)
"['strength training', ' cycling', ' …']",False,Majestic Fitness,"1 Dairy Court Orchard Road, Richmond, London",4.8,(2500+)
['pilates'],True,Refine Pilates Limited,"2nd Floor, 13 Artillery Lane, London",4.8,(1000+)
"['gym time', ' strength training', ' …']",False,Gymbox,"Westfield Stratford City6a Chestnut Place, London",4.6,(5000+)
"['yoga', ' meditation', ' …']",False,MoreYoga,"4-6 High Rd, London",4.7,(5000+)
"['strength training', ' pilates', ' …']",True,Guardians Studios,"Camden Market stables, London",4.9,(1000+)
"['yoga', ' pilates']",True,Core Clapton,"161 Northwold Rd, London",4.7,(5000+)
"['yoga', ' pilates']",True,MoreYoga,"22 Stoke Newington High St, London",4.6,(5000+)
"['gym time', ' swimming', ' …']",False,Fitness First,"26 Hammersmith Grove, London",4.7,(5000+)
"['yoga', ' pilates', ' …']",True,Moreyoga,"Unit 7, Weaver Walk, Wembley, London",4.7,(2500+)
"['gym time', ' strength training', ' …']",False,Gymbox,"100 High Holborn, London",4.6,(2500+)
"['gym time', ' strength training', ' …']",False,Fitness First,"106 Fenchurch Street, London",4.7,(2500+)
"['pilates', ' strength training', ' …']",True,Oncore,"65 Clapham Park Rd, London",4.8,(30000+)
"['yoga', ' pilates', ' …']",True,MoreYoga,"Booth Court Thurston Road Unit 7, London",4.7,(2500+)
"['swimming', ' gym time', ' …']",False,Fitness First,"47 Bishopsgate, London",4.7,(5000+)
"['gym time', ' strength training', ' …']",False,Anytime Fitness,"361, 373 City Rd, London",4.8,(1000+)
['pilates'],True,Peak Pilates,"1A Hall Lane, London",4.8,(1000+)
"['cycling', ' strength training', ' …']",False,FitFor,"116 Lordship Ln, London",4.5,(7500+)
"['yoga', ' barre', ' …']",False,Oru Space,"7 Throwley Way, Sutton",4.9,(500+)
"['yoga', ' pilates', ' …']",True,Light Centre,"9 Eccleston St, London",4.6,(17500+)
"['strength training', ' stretching', ' …']",False,Synergy Personal Training Studio,"Unit 21 , Cranford Way, London",4.8,(1000+)
"['strength training', ' cycling', ' …']",False,H2 Clubs,"H2 Clubs Victoria, 10 Bressenden Pl, London",4.6,(10000+)
['pilates'],True,Reform Physio and Pilates,"3 Hildreth Street Mews, London",4.8,(2500+)
"['pilates', ' strength training', ' …']",True,FS8,"23-35 Great Titchfield St., London",4.6,(2500+)
"['gym time', ' strength training', ' …']",False,Fitness First,"7 Streatham High Rd, London",4.6,(7500+)
"['swimming', ' gym time', ' …']",False,Fitness First,"Thomas More Street, London",4.7,(5000+)
"['strength training', ' pilates', ' …']",True,The Shredquarters,"The Shredquarters Wandsworth, Meridian House, Battersea Reach, York Road, London",4.8,(500+)
"['yoga', ' pilates', ' …']",True,MIND Yoga and Pilates,"53 Dartmouth Road, London",4.9,(500+)
"['yoga', ' pilates', ' …']",True,MoreYoga,"223 Vauxhall Bridge Road, London",4.6,(5000+)
"['gym time', ' strength training', ' …']",False,Gymbox,"Westfield Shopping Centre, London",4.6,(2500+)
"['yoga', ' meditation', ' …']",False,Mica Yoga,"16-18 Gibbon Road, London",4.9,(500+)
"['gym time', ' strength training', ' …']",False,Fitness First,"15 Great Marlborough St, Soho, London W1F 7HR, London",4.7,(5000+)
"['pilates', ' strength training']",True,High Vibe,"62 Elm Park, London",4.8,(1000+)
"['strength training', ' pilates', ' …']",True,Body By Ciara,"58a Hillfield Park Mews, London",5.0,(100+)
"['strength training', ' cycling', ' …']",False,GYM NATION,"26 Druid St, London",4.7,(1000+)
"['strength training', ' pilates', ' …']",True,Bourne Fitness,"Grange Mills Weir Road, Unit 6, London",5.0,(100+)
"['yoga', ' pilates']",True,MoreYoga,"15 Marshall Street, London",4.6,(5000+)
"['strength training', ' dance', ' …']",False,Crouch End Fitness Centre,"184 Tottenham Ln,, London",4.8,(1000+)
"['yoga', ' pilates']",True,MoreYoga,"331 Ballards Ln, North Finchley, London",4.8,(1000+)
"['pilates', ' barre', ' …']",True,Studio Soma,"36 Crimscott Street, London",4.9,(100+)
['pilates'],True,Flowing Body Pilates,"82 Stoke Newington High St, London",4.7,(2500+)
"['strength training', ' barre', ' …']",False,MAD Fitness Studio,"5 Main Road, Sidcup",4.9,(500+)
"['gym time', ' yoga', ' …']",False,Fit This,"3 Reading Lane Hackney, London",4.7,(500+)
['pilates'],True,Stone Fitness,"10 Kendrick Mews, London",4.8,(500+)
"['yoga', ' pilates', ' …']",True,Light Centre,"36 St Mary at Hill, London",4.6,(17500+)
"['strength training', ' pilates', ' …']",True,TRIBES,"96A Clifton Hill, London",4.9,(500+)
"['pilates', ' boxing']",True,Posture London,"107 Station Road, West Wickham",5.0,(100+)
"['gym time', ' strength training', ' …']",False,CrossFit Putney,"243-251 Putney Bridge Road, London",4.8,(1000+)
"['cycling', ' strength training', ' …']",False,Spin,"386 Lee High Road, London, London",4.9,(500+)
"['yoga', ' pilates', ' …']",True,The Yoga Mela Ltd,"239 Selhurst Road, London",4.8,(1000+)
"['strength training', ' cycling', ' …']",False,Bounce Gym,"The CrescentWimbledon Park, London",4.9,(1000+)
"['strength training', ' boxing', ' …']",False,Lifelab,"Foxbury Avenue, Chislehurst BR7 6SD, UK, Chislehurst",5.0,(100+)
"['swimming', ' pilates', ' …']",True,The MAQAM,"69 Wrentham Avenue Queen's Park, London",4.7,(1000+)
"['strength training', ' boxing', ' …']",False,FitBirds,"7 Ledrington Rd, London",5.0,(500+)
"['yoga', ' pilates', ' …']",True,bhuti,"Bingham Riverhouse, 61-63 Petersham Rd , Richmond",4.7,(10000+)
"['gym time', ' strength training', ' …']",False,Gymbox,"201A Old Street, London",4.6,(2500+)
['pilates'],True,Innersculpt Pilates,"63 High Street, West Wickham",4.9,(100+)
['pilates'],True,Reformer LDN,"Reformer LDN, Unit 1.2, 2B, Shoreditch Exchange, Rosewood Building, Gorsuch Pl, London",4.8,(100+)
"['pilates', ' strength training', ' …']",True,Basebox,"4 New Pond Parade, West End Road, Ruislip",4.9,(1000+)
"['yoga', ' pilates']",True,MoreYoga,2A Bayham St,4.6,(2500+)
"['pilates', ' yoga']",True,Blanc Space Studios,"130 Walham Green Court, London",4.9,(100+)
"['strength training', ' yoga', ' …']",False,SWeat19,"265-269 Wimbledon Park Road, London",4.9,(1000+)
"['yoga', ' barre', ' …']",False,MakeYoga Ltd,"64 Highgate High Street, London",4.9,(100+)
"['yoga', ' pilates', ' …']",True,Motion London,"Studio 17, Cornerstone Studios, 1 Addington Square, London",4.8,(100+)
['pilates'],True,Reform Yourself Pilates,"Room 2 Davenports Hair & Beauty Salon 23a High Street, Dartford",4.9,(100+)
['pilates'],True,Enmei,"143-145 Fulham Road, London",4.8,(100+)
"['yoga', ' pilates', ' …']",True,MoreYoga,"Unit 2, Delta Point Wellesley Road, Croydon",4.8,(1000+)
"['yoga', ' pilates', ' …']",True,Deva Yoga,"12, Belmont Parade, Green Lane, Chislehurst",4.9,(1000+)
"['yoga', ' pilates', ' …']",True,MoreYoga,"784 Green Lanes, London",4.7,(1000+)
"['yoga', ' strength training', ' …']",False,Loom Club,"Loom Club Unit 23 The Ivories, London",4.8,(100+)
"['strength training', ' personal training', ' …']",False,Built London,"Unit 113, Anerley Works, 183a Anerley Rd, London",5.0,(500+)
"['gym time', ' strength training', ' …']",False,Fitness First,"95 Queen Victoria St, London",4.6,(1000+)
"['pilates', ' personal training']",True,Flex Pilates Reformer,"8 Sienna Plac, Honor Oak Park, London",4.9,(500+)
"['pilates', ' strength training']",True,FS8,"First Floor, 1-7 Morris Place, Finsbury Park, London",4.7,(100+)
['pilates'],True,Hypecore Pilates,"47-50 Margaret St, 1st Floor, London",4.8,(100+)
"['strength training', ' pilates', ' …']",True,F.I.T.T STUDIO,"26 Aylmer Parade, London",5.0,(100+)
"['strength training', ' cycling', ' …']",False,MyPT Studio,"40-44 St Georges Walk, Croydon",4.8,(1000+)
"['strength training', ' yoga', ' …']",False,YMCA Club,"YMCA Club, London",4.4,(2500+)
"['strength training', ' boxing', ' …']",False,Stars Gym,"Hester Rd 8, 5, Albion Riverside Building,, London",4.7,(2500+)
"['pilates', ' yoga']",True,Canada Water Studios,"40 Surrey Quays Rd, Canada Water Studios, Vancouver House, London",4.6,(2500+)
"['pilates', ' yoga', ' …']",True,Studio Fid,"Ride Republic 709 Fulham Rd, London",4.8,(100+)
"['pilates', ' low-impact training']",True,Club Pilates,"20 Great Guildford Street, London",4.7,(100+)
"['meditation', ' yoga', ' …']",False,SANCTUM,"Holy Trinity Church, Prince Consort Road, South Kensington, London",4.9,(100+)
"['gym time', ' strength training', ' …']",False,Wembley Fitness,"341 High Road, Wembley",4.7,(100+)
['pilates'],True,NY Pilates Studio London,"253 Kilburn Lane, Unit 2, The Linen House, London",4.7,(1000+)
"['gym time', ' strength training', ' …']",False,Kings Sport & Wellness Gym,"King's College London, 135 Borough High Street, London",4.6,(500+)
['pilates'],True,Better Flow,"Hackney Road, London",5.0,(500+)
"['pilates', ' stretching']",True,Club Pilates,"423 North End Road, London",4.7,(100+)
"['strength training', ' dance', ' …']",False,Anytime Fitness,"222 Fulham Road, London",4.7,(1000+)
"['yoga', ' pilates', ' …']",True,Temple of Strength,"21 High Street, London",4.8,(500+)
"['strength training', ' cycling', ' …']",False,Jubilee Hall Gym,"The Piazza, 1-7 Covent Garden, London",4.4,(2500+)
"['yoga', ' pilates', ' …']",True,Alcheme Wellbeing,"23-25 Brighton Road, Surbiton",4.8,(100+)
"['pilates', ' strength training', ' …']",True,Clifford Studios,"173-175 Church Road, London",4.8,(100+)
['pilates'],True,Vivo Pilates,"Unit 208 Harbour Yard, Chelsea Harbour, London",5.0,(100+)
"['strength training', ' pilates', ' …']",True,FitBirds,"Quakers Meeting House 34 Sunderland Road, London",5.0,(100+)
"['yoga', ' pilates', ' …']",True,Studio Moon Yoga & Pilates,"160 Ravenscroft Road, Beckenham",4.9,(100+)
['pilates'],True,Zoe Hodgson Pilates,"87 Douglas Road, Surbiton",5.0,(100+)
"['pilates', ' prenatal', ' …']",True,Pilates Body Studio,"88 The Mill Bexley High Street, Bexley, Bexley",4.9,(100+)
['pilates'],True,LifeBody,"78 Church Road, London",5.0,(100+)
"['gym time', ' strength training', ' …']",False,"New River Sport, Tennis & Fitness","New River Sport, Tennis & Fitness, White Hart Lane, London",4.6,(100+)
"['yoga', ' barre', ' …']",False,"Ánimo N16, Abney Park","Harriet Delph Room, Abney Park Cafe, Stoke Newington High Street, London",4.9,(100+)
['pilates'],True,Exhale Pilates Primrose Hill,"Ground Floor, 1 Whittlebury Mews West, London",4.8,(5000+)
"['pilates', ' barre', ' …']",True,Volonté Energy Studio,"10 Mortimer Street, London",4.6,(100+)
['pilates'],True,Physio On The Green,"Swan Mews, London",4.9,(100+)
"['strength training', ' cycling', ' …']",False,Park View Health Clubs,"Heath Parade,, 6 Grahame Park Way, London",4.6,(500+)
"['pilates', ' yoga']",True,JCW Holistic Fitness,"St. Andrew's Church, St Andrew’s Church Parish Of Alexandra Park, London",4.7,(500+)
"['strength training', ' dance', ' …']",False,Unite In Fitness,"9 Queen Anne's Place, Enfield",4.9,(100+)
"['gym time', ' strength training', ' …']",False,Anytime Fitness,"Croxley Business Park Hatters Lane, Watford",4.7,(100+)
"['outdoors', ' strength training', ' …']",False,FitBirds (Mayow Park),"79 Mayow Rd, London",4.9,(500+)
"['pilates', ' yoga']",True,Zoe Hodgson Pilates,"Ember Lane, Esher",4.9,(100+)
"['yoga', ' strength training', ' …']",False,Tula Balance,"V22, The Priory, Church Hill, Orpington",4.9,(100+)
"['gym time', ' pilates', ' …']",True,Energie Fitness,"Broomfield Ln, London N13 4EY, UK, London",4.6,(100+)
['pilates'],True,KARVE,"198 Kensington High Street, London",4.9,(17500+)
"['strength training', ' barre', ' …']",False,Pilates and Tara,"136 Hither Green Lane, London",5.0,(100+)
"['outdoors', ' strength training', ' …']",False,One Element Docklands,"Thames Barrier Park , London",4.9,(100+)
"['gym time', ' strength training', ' …']",False,Buzz Gym,"1 Suffolk Ln, London",4.6,(100+)
"['strength training', ' pilates', ' …']",True,Integrated Movement Studio,"Integrated Movement Studio, Unit 1 Tesla Court, Warple Way, London",4.8,(100+)
"['yoga', ' pilates', ' …']",True,SF Studios London,"5 Ella Mews, London",4.9,(100+)
['pilates'],True,Mindful Pilates Studio,"50 Hill Rise, Richmond",4.8,(100+)
"['strength training', ' yoga', ' …']",False,FitnessVIP,"36 England's Lane, London",4.8,(100+)
"['gym time', ' strength training', ' …']",False,Fitness4Less,"23-29 Great Suffolk Street, London",4.6,(100+)
"['yoga', ' dance', ' …']",False,TRIPSPACE,"339 Acton Mews, London",4.8,(30000+)
"['yoga', ' strength training', ' …']",False,Mind LDN,"Zedwell HotelB1 Level Great Windmill Street, London",4.8,(97)
['pilates'],True,Everybody Reformer,"289 Lower Addiscombe Road, Croydon",5.0,(44)
"['strength training', ' cycling', ' …']",False,Park View Health Clubs,"262 Green Lanes, London",4.6,(500+)
"['gym time', ' strength training', ' …']",False,Welcome Gym,"Welcome Gym, Gander Green Lane, Sutton",4.7,(100+)
['pilates'],True,Present Pilates,"2 Saint John's Road, London",4.9,(100+)
"['pilates', ' strength training']",True,Sertsari Private Training Studio,"13-17 Princes Road, Richmond",4.8,(84)
"['strength training', ' yoga', ' …']",False,Park View Health Clubs,"183-191 Ballards Ln, London",4.5,(500+)
['pilates'],True,Reformcore,"107 King's Road, London",4.8,(5000+)
['pilates'],True,The Hope Centre UK,"109 Tierney Rd, London",4.7,(100+)
"['strength training', ' yoga', ' …']",False,The Bridge,"73-81 Southwark Bridge Rd,, London",4.7,(100+)
"['strength training', ' boxing', ' …']",False,Mwah Fitness,"Kent Cricket club, Worsley Bridge Rd, Beckenham",5.0,(59)
"['dance', ' pilates', ' …']",True,ID Studios London,"Dickens Yard Longfield Avenue Ealing, Unit 32, London",4.8,(73)
"['pilates', ' yoga', ' …']",True,Truform Studio,"248 High Street, Beckenham",4.8,(19)
"['strength training', ' yoga', ' …']",False,Anytime Fitness,"77-83 The Broadway, London (West Ealing), Greater London, W13 9BP, London",4.4,(100+)
"['strength training', ' dance', ' …']",False,((BOUNCE)),"Thurlstone Road, Ruislip",4.8,(68)
['pilates'],True,Elite Reformer Pilates,"24 Hill Crest, Potters Bar",4.8,(33)
"['strength training', ' yoga', ' …']",False,The Mill Gym and Studio,"Mill Hill School, Walker House, The Ridgeway,, London",4.7,(67)
['pilates'],True,Elite Reformer Pilates,"16-17 Cockfosters Parade, Barnet",5.0,(13)
"['yoga', ' dance', ' …']",False,Dance With Me @The Hamptons,"Hamptons Estate, Worcester Park, London",4.8,(21)
"['pilates', ' barre']",True,All Abilities Pilates,"All Abilities Pilates, 140 Stanley Park Road, Carshalton",4.7,(35)
"['gym time', ' strength training', ' …']",False,THE REP ROOM,"UNIT 2 Stockbridge CI Hammond Street Cheshunt Waltham Cross, London",4.9,(27)
['pilates'],True,New Direction Studio,"60 Queen's Road, Buckhurst Hill",4.4,(100+)
"['dance', ' pilates', ' …']",True,The Cherish Club,"Bridgeman Street, Westminster, London",4.9,(23)
"['strength training', ' gym time', ' …']",False,The Edge Training,"Willows Activity Farm, Coursers Road, St. Albans",4.9,(27)
"['strength training', ' low-impact training', ' …']",False,Sylvestrian Leisure Centre,"Sylvestrian Leisure Centre, College Pl, London",4.3,(100+)
"['strength training', ' pilates', ' …']",True,Frame,"29 New Inn Yard, London",4.6,(30000+)
